{
  "assetsByChunkName": {
    "vendors~app-account~app-confirmation~app-order": "chunk.b81bf6892d689504edb1.js",
    "vendors~app-account~app-checkout": "chunk.82c092d3b59202b407a0.js",
    "vendors~app-cart~app-checkout": "chunk.6d6362a24d9a64ba1439.js",
    "admin": [
      "admin.e7ccc760da00aee711fa.js",
      "admin.e7ccc760da00aee711fa.js.map"
    ],
    "app-account": "chunk.1b91312429d7cdd5ed4f.js",
    "app-cart": "chunk.96b0c661ad34a71f7b7d.js",
    "app-checkout": "chunk.fbb5a3e24da9125d3a9f.js",
    "app-confirmation": "chunk.7c873dc665fa7ac7b1a4.js",
    "app-order": "chunk.b24af170b1fd39590c47.js",
    "checkout": [
      "checkout.058ad9978f8343e4bf8f.js",
      "checkout.058ad9978f8343e4bf8f.js.map"
    ],
    "storefront": [
      "storefront.df7797df0619e0658821.css",
      "storefront.763f7bb94e447674874f.js",
      "storefront.df7797df0619e0658821.css.map",
      "storefront.763f7bb94e447674874f.js.map"
    ],
    "vendors~app-account": "chunk.7276070090eed896da6d.js",
    "vendors~app-cart": "chunk.0ea005f07c19881e2057.js",
    "vendors~app-checkout": "chunk.f89918d716540cacfdce.js"
  }
}