{
  "meta_title": "",
  "meta_description": "Ofertas",
  "sections": [
    {
      "type": "banner-slider",
      "autoplay": 4000,
      "full_width": true,
      "slides": [
        {
          "start": "",
          "end": "",
          "img": "/img/uploads/nestle_fevereiro.jpg",
          "link": "https://www.festcakes.com.br/search?term=nestl%C3%A9&utm_source=site&utm_medium=banner&utm_campaign=parceria_nestle",
          "alt": "309"
        },
        {
          "start": "",
          "end": "",
          "img": "/img/uploads/valentine10off.jpg",
          "link": "https://www.festcakes.com.br/search?term=Amor++Ideia&utm_source=site&utm_medium=banner&utm_campaign=valentine10off",
          "alt": "315"
        },
        {
          "start": "",
          "end": "",
          "img": "/img/uploads/01-pascoa.jpg",
          "link": "https://www.festcakes.com.br/search?term=P%C3%A1scoa&utm_source=site&utm_medium=banner&utm_campaign=01-pascoa",
          "alt": "300"
        },
        {
          "start": "",
          "end": "",
          "img": "/img/uploads/valentinebrinde.jpg",
          "link": "https://www.festcakes.com.br/search?term=bwb&utm_source=site&utm_medium=banner&utm_campaign=valentinebrinde",
          "alt": "316"
        },
        {
          "start": "",
          "end": "",
          "img": "/img/uploads/04-pascoa.jpg",
          "link": "https://www.festcakes.com.br/search?term=forma+acetato&utm_source=site&utm_medium=banner&utm_campaign=04-pascoa-forma-acetato",
          "alt": "305"
        },
        {
          "start": "",
          "end": "",
          "img": "/img/uploads/valentine.jpg",
          "link": "https://www.festcakes.com.br/pk/aplique-te-amo-modelo-2-mdf-glitter-vermelho-sonho-fino?utm_source=site&utm_medium=banner&utm_campaign=valentine",
          "alt": "317"
        }
      ]
    },
    {
      "type": "banners-grid",
      "banners": [
        {
          "img": "/img/uploads/600x200.svg"
        },
        {
          "img": "/img/uploads/600x200.svg"
        },
        {
          "img": "/img/uploads/600x200.svg"
        },
        {
          "img": "/img/uploads/600x200.svg"
        }
      ]
    },
    
    {
      "page": 1,
      "grid_type": "Comum",
      "title_color": "#ffffff",
      "bg_color": "#722858",
      "title": "Vinhos Tintos",
      "shuffle": true,
      "headless": false,
      "type": "collection-shelf",
      "limit": 12,
      "collection_id": "68475391578b5f7954384682:categories:Vinho Tinto:/w/vinho-tinto",
      "sort": "offers"
    },
    {
      "page": 1,
      "grid_type": "Mosaico",
      "title_color": "#ffffff",
      "bg_color": "#722858",
      "title": "Vinhos Tintos",
      "shuffle": true,
      "headless": false,
      "type": "collection-shelf",
      "limit": 12,
      "collection_id": "68475391578b5f7954384682:categories:Vinho Tinto:/w/vinho-tinto",
      "sort": "offers"
    },
     {
      "page": 1,
      "grid_type": "Horizontal",
      "title_color": "#ffffff",
      "bg_color": "#722858",
      "title": "Vinhos Tintos",
      "shuffle": true,
      "headless": false,
      "type": "collection-shelf",
      "limit": 12,
      "collection_id": "68475391578b5f7954384682:categories:Vinho Tinto:/w/vinho-tinto",
      "sort": "offers"
    },
    {
      "type": "banners-grid",
      "banners": [
        {
          "img": "/img/uploads/600x200.svg"
        },
        {
          "img": "/img/uploads/600x200.svg"
        }
        
      ]
    },
    {
      "autoplay": "",
      "page": 1,
      "grid_type": "Comum",
      "title": "Vinhos Brancos",
      "shuffle": true,
      "type": "collection-shelf",
      "limit": 12,
      "collection_id": "6847545d578b5f7954384793:categories:Vinho Branco:/w/vinho-branco",
      "sort": "sales"
    },
    {
      "type": "collection-shelf",
      "shuffle": true,
      "limit": 12,
      "page": 1,
      "title": "Vinhos Rosé",
      "sort": "news",
      "collection_id": "68475466578b5f79543847a0:categories:Vinho Rosé:/w/vinho-rose",
      "grid_type": "Horizontal"
    },
    {
      "type": "shelfs-nav",
      "shuffle": false,
      "limit": 12,
      "page": 1,
      "collection_ids": [
        "68475391578b5f7954384682:categories:Vinho Tinto:/w/vinho-tinto",
        "6847545d578b5f7954384793:categories:Vinho Branco:/w/vinho-branco",
        "68475466578b5f79543847a0:categories:Vinho Rosé:/w/vinho-rose",
        "68475391578b5f7954384682:categories:Vinho Tinto:/w/vinho-tinto"
      ]
    }
  ]
}